Date/Time,Temperature (K),Temperature (°C),Temperature (°F),Humidity (%),Visibility (m),Weather Description
"2024-11-16 15:01:54",305.05,31.90,89.42,33.00,6000.00,"clear sky"
"2024-11-16 15:02:02",305.05,31.90,89.42,33.00,6000.00,"clear sky"
"2024-11-16 15:02:05",305.05,31.90,89.42,33.00,6000.00,"clear sky"
"2024-11-16 15:02:07",305.05,31.90,89.42,33.00,6000.00,"clear sky"
"2024-11-16 15:02:10",305.05,31.90,89.42,33.00,6000.00,"clear sky"
"2024-11-16 02:40:31",305.05,31.90,89.42,35.00,6000.00,"clear sky"
"2024-11-16 02:59:05",305.05,31.90,89.42,35.00,6000.00,"clear sky"
"2024-11-16 02:59:25",305.05,31.90,89.42,35.00,6000.00,"clear sky"
"2024-11-16 03:00:24",305.05,31.90,89.42,35.00,6000.00,"clear sky"
"2024-11-16 03:40:12",304.05,30.90,87.62,37.00,6000.00,"scattered clouds"
"2024-11-16 03:43:20",304.05,30.90,87.62,37.00,6000.00,"scattered clouds"
"2024-11-16 03:58:44",304.05,30.90,87.62,37.00,6000.00,"scattered clouds"
"2024-11-16 19:01:17",295.05,21.90,71.42,83.00,3000.00,"smoke"
"2024-11-17 02:40:42",305.05,31.90,89.42,29.00,6000.00,"clear sky"
"2024-11-17 02:41:48",305.05,31.90,89.42,29.00,6000.00,"clear sky"
"2024-11-17 02:42:53",305.05,31.90,89.42,29.00,6000.00,"clear sky"
"2024-11-17 02:43:59",305.05,31.90,89.42,29.00,6000.00,"clear sky"
"2024-11-17 02:45:05",305.05,31.90,89.42,29.00,6000.00,"clear sky"
"2024-11-17 02:46:10",305.05,31.90,89.42,29.00,6000.00,"clear sky"
"2024-11-17 02:47:16",305.05,31.90,89.42,29.00,6000.00,"clear sky"
"2024-11-17 02:48:19",305.05,31.90,89.42,29.00,6000.00,"clear sky"
"2024-11-17 02:49:25",305.05,31.90,89.42,29.00,6000.00,"clear sky"
"2024-11-17 02:50:29",305.05,31.90,89.42,29.00,6000.00,"clear sky"
"2024-11-17 02:51:35",305.05,31.90,89.42,29.00,6000.00,"clear sky"
"2024-11-17 02:52:40",305.05,31.90,89.42,29.00,6000.00,"clear sky"
"2024-11-17 03:08:28",304.05,30.90,87.62,30.00,6000.00,"clear sky"
"2024-11-17 03:09:33",304.05,30.90,87.62,30.00,6000.00,"clear sky"
"2024-11-17 03:10:35",304.05,30.90,87.62,30.00,6000.00,"clear sky"
"2024-11-17 03:11:37",304.05,30.90,87.62,30.00,6000.00,"clear sky"
"2024-11-17 03:12:38",304.05,30.90,87.62,30.00,6000.00,"clear sky"
"2024-11-17 03:13:40",304.05,30.90,87.62,30.00,6000.00,"clear sky"
"2024-11-17 03:14:43",304.05,30.90,87.62,30.00,6000.00,"clear sky"
"2024-11-17 03:15:45",304.05,30.90,87.62,30.00,6000.00,"clear sky"
"2024-11-17 03:16:47",304.05,30.90,87.62,30.00,6000.00,"clear sky"
"2024-11-17 03:17:49",304.05,30.90,87.62,30.00,6000.00,"clear sky"
"2024-11-17 03:18:51",304.05,30.90,87.62,30.00,6000.00,"clear sky"
"2024-11-17 03:19:53",304.05,30.90,87.62,30.00,6000.00,"clear sky"
"2024-11-17 04:57:18",303.05,29.90,85.82,37.00,6000.00,"clear sky"
"2024-11-17 04:57:56",303.05,29.90,85.82,37.00,6000.00,"clear sky"
"2024-11-17 05:15:00",302.05,28.90,84.02,45.00,6000.00,"clear sky"
"2024-11-17 05:15:57",302.05,28.90,84.02,45.00,6000.00,"clear sky"
"2024-11-17 05:16:54",302.05,28.90,84.02,45.00,6000.00,"clear sky"
"2024-11-17 05:17:51",302.05,28.90,84.02,45.00,6000.00,"clear sky"
"2024-11-17 05:18:48",302.05,28.90,84.02,45.00,6000.00,"clear sky"
"2024-11-17 05:19:45",302.05,28.90,84.02,45.00,6000.00,"clear sky"
"2024-11-17 05:20:42",302.05,28.90,84.02,45.00,6000.00,"clear sky"
"2024-11-17 05:21:39",302.05,28.90,84.02,45.00,6000.00,"clear sky"
"2024-11-17 05:22:37",302.05,28.90,84.02,45.00,6000.00,"clear sky"
"2024-11-17 05:23:34",302.05,28.90,84.02,45.00,6000.00,"clear sky"
"2024-11-17 05:24:31",302.05,28.90,84.02,45.00,6000.00,"clear sky"
"2024-11-17 05:25:27",302.05,28.90,84.02,45.00,6000.00,"clear sky"
"2024-11-17 06:00:33",301.05,27.90,82.22,51.00,6000.00,"clear sky"
"2024-11-17 06:01:29",301.05,27.90,82.22,51.00,6000.00,"clear sky"
"2024-11-17 06:02:26",301.05,27.90,82.22,51.00,6000.00,"clear sky"
"2024-11-17 06:03:23",301.05,27.90,82.22,51.00,6000.00,"clear sky"
"2024-11-17 06:04:20",301.05,27.90,82.22,51.00,6000.00,"clear sky"
"2024-11-17 06:05:19",301.05,27.90,82.22,51.00,6000.00,"clear sky"
"2024-11-17 06:06:19",301.05,27.90,82.22,51.00,6000.00,"clear sky"
"2024-11-17 06:07:18",301.05,27.90,82.22,51.00,6000.00,"clear sky"
"2024-11-17 06:08:18",301.05,27.90,82.22,51.00,6000.00,"clear sky"
"2024-11-17 06:09:35",301.05,27.90,82.22,51.00,6000.00,"clear sky"
"2024-11-17 06:10:32",301.05,27.90,82.22,51.00,6000.00,"clear sky"
"2024-11-17 06:11:30",301.05,27.90,82.22,51.00,6000.00,"clear sky"
"2024-11-17 06:15:51",301.05,27.90,82.22,51.00,6000.00,"clear sky"
"2024-11-17 06:18:01",301.05,27.90,82.22,51.00,6000.00,"clear sky"
"2024-11-17 06:20:41",301.05,27.90,82.22,51.00,6000.00,"clear sky"
"2024-11-17 06:27:32",301.05,27.90,82.22,51.00,6000.00,"clear sky"
"2024-11-17 06:35:58",300.05,26.90,80.42,54.00,6000.00,"clear sky"
"2024-11-17 06:36:54",300.05,26.90,80.42,54.00,6000.00,"clear sky"
"2024-11-17 06:37:52",300.05,26.90,80.42,54.00,6000.00,"clear sky"
"2024-11-17 06:38:49",300.05,26.90,80.42,54.00,6000.00,"clear sky"
"2024-11-17 06:39:46",300.05,26.90,80.42,54.00,6000.00,"clear sky"
"2024-11-17 06:44:27",300.05,26.90,80.42,54.00,6000.00,"clear sky"
"2024-11-17 06:45:24",300.05,26.90,80.42,54.00,6000.00,"clear sky"
"2024-11-17 06:46:24",300.05,26.90,80.42,54.00,6000.00,"clear sky"
"2024-11-17 06:47:32",300.05,26.90,80.42,54.00,6000.00,"clear sky"
"2024-11-17 06:48:29",300.05,26.90,80.42,54.00,6000.00,"clear sky"
"2024-11-17 06:49:26",300.05,26.90,80.42,54.00,6000.00,"clear sky"
"2024-11-17 06:50:25",300.05,26.90,80.42,54.00,6000.00,"clear sky"
"2024-11-17 06:51:22",300.05,26.90,80.42,54.00,6000.00,"clear sky"
"2024-11-17 06:52:19",300.05,26.90,80.42,54.00,6000.00,"clear sky"
"2024-11-17 06:53:16",300.05,26.90,80.42,54.00,6000.00,"clear sky"
"2024-11-17 06:54:13",300.05,26.90,80.42,54.00,6000.00,"clear sky"
"2024-11-17 06:55:09",300.05,26.90,80.42,54.00,6000.00,"clear sky"
"2024-11-17 06:56:40",300.05,26.90,80.42,54.00,6000.00,"clear sky"
"2024-11-17 06:57:39",300.05,26.90,80.42,54.00,6000.00,"clear sky"
"2024-11-17 06:58:36",300.05,26.90,80.42,54.00,6000.00,"clear sky"
"2024-11-17 06:59:33",300.05,26.90,80.42,54.00,6000.00,"clear sky"
"2024-11-17 07:06:42",300.05,26.90,80.42,54.00,6000.00,"clear sky"
"2024-11-17 07:07:43",300.05,26.90,80.42,54.00,6000.00,"clear sky"
"2024-11-17 07:08:42",300.05,26.90,80.42,54.00,6000.00,"clear sky"
"2024-11-17 07:09:40",300.05,26.90,80.42,54.00,6000.00,"clear sky"
"2024-11-17 07:52:42",299.05,25.90,78.62,53.00,6000.00,"clear sky"
"2024-11-17 07:54:26",299.05,25.90,78.62,53.00,6000.00,"clear sky"
"2024-11-17 07:54:32",299.05,25.90,78.62,53.00,6000.00,"clear sky"
"2024-11-17 07:54:41",299.05,25.90,78.62,53.00,6000.00,"clear sky"
"2024-11-17 07:54:48",299.05,25.90,78.62,53.00,6000.00,"clear sky"
"2024-11-17 07:54:53",299.05,25.90,78.62,53.00,6000.00,"clear sky"
"2024-11-17 07:54:59",299.05,25.90,78.62,53.00,6000.00,"clear sky"
"2024-11-17 07:55:06",299.05,25.90,78.62,53.00,6000.00,"clear sky"
"2024-11-17 07:55:13",299.05,25.90,78.62,53.00,6000.00,"clear sky"
"2024-11-17 07:55:20",299.05,25.90,78.62,53.00,6000.00,"clear sky"
"2024-11-17 07:55:25",299.05,25.90,78.62,53.00,6000.00,"clear sky"
"2024-11-17 07:55:31",299.05,25.90,78.62,53.00,6000.00,"clear sky"
"2024-11-17 07:55:38",299.05,25.90,78.62,53.00,6000.00,"clear sky"
"2024-11-17 07:55:43",299.05,25.90,78.62,53.00,6000.00,"clear sky"
"2024-11-17 07:57:47",299.05,25.90,78.62,53.00,6000.00,"clear sky"
"2024-11-17 07:57:52",299.05,25.90,78.62,53.00,6000.00,"clear sky"
"2024-11-17 07:57:56",299.05,25.90,78.62,53.00,6000.00,"clear sky"
"2024-11-17 07:58:02",299.05,25.90,78.62,53.00,6000.00,"clear sky"
"2024-11-17 07:58:08",299.05,25.90,78.62,53.00,6000.00,"clear sky"
"2024-11-17 07:58:13",299.05,25.90,78.62,53.00,6000.00,"clear sky"
"2024-11-17 07:58:19",299.05,25.90,78.62,53.00,6000.00,"clear sky"
"2024-11-17 07:58:26",299.05,25.90,78.62,53.00,6000.00,"clear sky"
"2024-11-17 07:58:30",299.05,25.90,78.62,53.00,6000.00,"clear sky"
"2024-11-17 07:58:36",299.05,25.90,78.62,53.00,6000.00,"clear sky"
"2024-11-17 07:58:42",299.05,25.90,78.62,53.00,6000.00,"clear sky"
"2024-11-17 07:58:47",299.05,25.90,78.62,53.00,6000.00,"clear sky"
"2024-11-17 07:58:53",299.05,25.90,78.62,53.00,6000.00,"clear sky"
"2024-11-17 08:01:33",299.05,25.90,78.62,53.00,6000.00,"clear sky"
"2024-11-17 08:01:39",299.05,25.90,78.62,53.00,6000.00,"clear sky"
"2024-11-17 08:01:45",299.05,25.90,78.62,53.00,6000.00,"clear sky"
"2024-11-17 08:01:52",299.05,25.90,78.62,53.00,6000.00,"clear sky"
"2024-11-17 08:01:58",299.05,25.90,78.62,53.00,6000.00,"clear sky"
"2024-11-17 08:02:04",299.05,25.90,78.62,53.00,6000.00,"clear sky"
"2024-11-17 08:02:10",299.05,25.90,78.62,53.00,6000.00,"clear sky"
"2024-11-17 08:02:17",299.05,25.90,78.62,53.00,6000.00,"clear sky"
"2024-11-17 08:02:23",299.05,25.90,78.62,53.00,6000.00,"clear sky"
"2024-11-17 08:02:28",299.05,25.90,78.62,53.00,6000.00,"clear sky"
"2024-11-17 08:02:32",299.05,25.90,78.62,53.00,6000.00,"clear sky"
"2024-11-17 08:02:39",299.05,25.90,78.62,53.00,6000.00,"clear sky"
"2024-11-17 08:02:44",299.05,25.90,78.62,53.00,6000.00,"clear sky"
"2024-11-17 08:21:12",298.05,24.90,76.82,57.00,6000.00,"clear sky"
"2024-11-17 08:21:16",298.05,24.90,76.82,57.00,6000.00,"clear sky"
"2024-11-17 08:21:21",298.05,24.90,76.82,57.00,6000.00,"clear sky"
"2024-11-17 08:21:27",298.05,24.90,76.82,57.00,6000.00,"clear sky"
"2024-11-17 08:21:33",298.05,24.90,76.82,57.00,6000.00,"clear sky"
"2024-11-17 08:21:39",298.05,24.90,76.82,57.00,6000.00,"clear sky"
"2024-11-17 08:21:44",298.05,24.90,76.82,57.00,6000.00,"clear sky"
"2024-11-17 08:21:48",298.05,24.90,76.82,57.00,6000.00,"clear sky"
"2024-11-17 08:21:54",298.05,24.90,76.82,57.00,6000.00,"clear sky"
"2024-11-17 08:21:59",298.05,24.90,76.82,57.00,6000.00,"clear sky"
"2024-11-17 08:22:05",298.05,24.90,76.82,57.00,6000.00,"clear sky"
"2024-11-17 08:22:10",298.05,24.90,76.82,57.00,6000.00,"clear sky"
"2024-11-17 08:22:16",298.05,24.90,76.82,57.00,6000.00,"clear sky"
"2024-11-17 08:36:49",298.05,24.90,76.82,57.00,6000.00,"scattered clouds"
"2024-11-17 08:36:54",298.05,24.90,76.82,57.00,6000.00,"scattered clouds"
"2024-11-17 08:37:00",298.05,24.90,76.82,57.00,6000.00,"scattered clouds"
"2024-11-17 08:37:06",298.05,24.90,76.82,57.00,6000.00,"scattered clouds"
"2024-11-17 08:37:10",298.05,24.90,76.82,57.00,6000.00,"scattered clouds"
"2024-11-17 08:37:15",298.05,24.90,76.82,57.00,6000.00,"scattered clouds"
"2024-11-17 08:37:23",298.05,24.90,76.82,57.00,6000.00,"scattered clouds"
"2024-11-17 08:37:29",298.05,24.90,76.82,57.00,6000.00,"scattered clouds"
"2024-11-17 08:37:35",298.05,24.90,76.82,57.00,6000.00,"scattered clouds"
"2024-11-17 08:37:39",298.05,24.90,76.82,57.00,6000.00,"scattered clouds"
"2024-11-17 08:37:46",298.05,24.90,76.82,57.00,6000.00,"scattered clouds"
"2024-11-17 08:37:51",298.05,24.90,76.82,57.00,6000.00,"scattered clouds"
"2024-11-17 08:37:57",298.05,24.90,76.82,57.00,6000.00,"scattered clouds"
"2024-11-17 19:30:54",294.05,20.90,69.62,64.00,2000.00,"smoke"
"2024-11-17 19:31:00",294.05,20.90,69.62,64.00,2000.00,"smoke"
"2024-11-17 19:31:06",294.05,20.90,69.62,64.00,2000.00,"smoke"
"2024-11-17 19:31:12",294.05,20.90,69.62,64.00,2000.00,"smoke"
"2024-11-17 19:31:17",294.05,20.90,69.62,64.00,2000.00,"smoke"
"2024-11-17 19:31:23",294.05,20.90,69.62,64.00,2000.00,"smoke"
"2024-11-17 19:31:28",294.05,20.90,69.62,64.00,2000.00,"smoke"
"2024-11-17 19:31:34",294.05,20.90,69.62,64.00,2000.00,"smoke"
"2024-11-17 19:31:40",294.05,20.90,69.62,64.00,2000.00,"smoke"
"2024-11-17 19:31:46",294.05,20.90,69.62,64.00,2000.00,"smoke"
"2024-11-17 19:31:51",294.05,20.90,69.62,64.00,2000.00,"smoke"
"2024-11-17 19:31:57",294.05,20.90,69.62,64.00,2000.00,"smoke"
"2024-11-17 19:32:03",294.05,20.90,69.62,64.00,2000.00,"smoke"
"2024-11-17 19:41:36",294.05,20.90,69.62,64.00,2000.00,"smoke"
"2024-11-17 19:41:42",294.05,20.90,69.62,64.00,2000.00,"smoke"
"2024-11-17 19:41:48",294.05,20.90,69.62,64.00,2000.00,"smoke"
"2024-11-17 19:41:54",294.05,20.90,69.62,64.00,2000.00,"smoke"
"2024-11-17 19:41:59",294.05,20.90,69.62,64.00,2000.00,"smoke"
"2024-11-17 19:42:05",294.05,20.90,69.62,64.00,2000.00,"smoke"
"2024-11-17 19:42:11",294.05,20.90,69.62,64.00,2000.00,"smoke"
"2024-11-17 19:42:17",294.05,20.90,69.62,64.00,2000.00,"smoke"
"2024-11-17 19:42:23",294.05,20.90,69.62,64.00,2000.00,"smoke"
"2024-11-17 19:42:28",294.05,20.90,69.62,64.00,2000.00,"smoke"
"2024-11-17 19:42:34",294.05,20.90,69.62,64.00,2000.00,"smoke"
"2024-11-17 19:42:40",294.05,20.90,69.62,64.00,2000.00,"smoke"
"2024-11-17 19:42:45",294.05,20.90,69.62,64.00,2000.00,"smoke"
"2024-11-17 19:49:03",296.05,22.90,73.22,56.00,2000.00,"smoke"
"2024-11-17 19:49:09",296.05,22.90,73.22,56.00,2000.00,"smoke"
"2024-11-17 19:49:15",296.05,22.90,73.22,56.00,2000.00,"smoke"
"2024-11-17 19:49:20",296.05,22.90,73.22,56.00,2000.00,"smoke"
"2024-11-17 19:49:26",296.05,22.90,73.22,56.00,2000.00,"smoke"
"2024-11-17 19:49:32",296.05,22.90,73.22,56.00,2000.00,"smoke"
"2024-11-17 19:49:37",296.05,22.90,73.22,56.00,2000.00,"smoke"
"2024-11-17 19:49:43",296.05,22.90,73.22,56.00,2000.00,"smoke"
"2024-11-17 19:49:48",296.05,22.90,73.22,56.00,2000.00,"smoke"
"2024-11-17 19:49:54",296.05,22.90,73.22,56.00,2000.00,"smoke"
"2024-11-17 19:49:59",296.05,22.90,73.22,56.00,2000.00,"smoke"
"2024-11-17 19:50:05",296.05,22.90,73.22,56.00,2000.00,"smoke"
"2024-11-17 19:50:11",296.05,22.90,73.22,56.00,2000.00,"smoke"
"2024-11-17 19:54:08",296.05,22.90,73.22,56.00,2000.00,"smoke"
"2024-11-17 19:54:14",296.05,22.90,73.22,56.00,2000.00,"smoke"
"2024-11-17 19:54:19",296.05,22.90,73.22,56.00,2000.00,"smoke"
"2024-11-17 19:54:25",296.05,22.90,73.22,56.00,2000.00,"smoke"
"2024-11-17 19:54:30",296.05,22.90,73.22,56.00,2000.00,"smoke"
"2024-11-17 19:54:36",296.05,22.90,73.22,56.00,2000.00,"smoke"
"2024-11-17 19:54:42",296.05,22.90,73.22,56.00,2000.00,"smoke"
"2024-11-17 19:54:47",296.05,22.90,73.22,56.00,2000.00,"smoke"
"2024-11-17 19:54:52",296.05,22.90,73.22,56.00,2000.00,"smoke"
"2024-11-17 19:54:58",296.05,22.90,73.22,56.00,2000.00,"smoke"
"2024-11-17 19:55:04",296.05,22.90,73.22,56.00,2000.00,"smoke"
"2024-11-17 19:55:09",296.05,22.90,73.22,56.00,2000.00,"smoke"
"2024-11-17 19:55:15",296.05,22.90,73.22,56.00,2000.00,"smoke"
"2024-11-17 20:15:00",298.05,24.90,76.82,50.00,2500.00,"haze"
"2024-11-17 20:15:06",298.05,24.90,76.82,50.00,2500.00,"haze"
"2024-11-17 20:15:11",298.05,24.90,76.82,50.00,2500.00,"haze"
"2024-11-17 20:15:17",298.05,24.90,76.82,50.00,2500.00,"haze"
"2024-11-17 20:15:22",298.05,24.90,76.82,50.00,2500.00,"haze"
"2024-11-17 20:15:28",298.05,24.90,76.82,50.00,2500.00,"haze"
"2024-11-17 20:15:34",298.05,24.90,76.82,50.00,2500.00,"haze"
"2024-11-17 20:15:39",298.05,24.90,76.82,50.00,2500.00,"haze"
"2024-11-17 20:15:45",298.05,24.90,76.82,50.00,2500.00,"haze"
"2024-11-17 20:15:51",298.05,24.90,76.82,50.00,2500.00,"haze"
"2024-11-17 20:15:56",298.05,24.90,76.82,50.00,2500.00,"haze"
"2024-11-17 20:16:02",298.05,24.90,76.82,50.00,2500.00,"haze"
"2024-11-17 20:16:08",298.05,24.90,76.82,50.00,2500.00,"haze"
"2024-11-17 20:17:44",298.05,24.90,76.82,50.00,2500.00,"haze"
"2024-11-17 20:17:50",298.05,24.90,76.82,50.00,2500.00,"haze"
"2024-11-17 20:17:55",298.05,24.90,76.82,50.00,2500.00,"haze"
"2024-11-17 20:18:01",298.05,24.90,76.82,50.00,2500.00,"haze"
"2024-11-17 20:18:06",298.05,24.90,76.82,50.00,2500.00,"haze"
"2024-11-17 20:18:12",298.05,24.90,76.82,50.00,2500.00,"haze"
"2024-11-17 20:18:17",298.05,24.90,76.82,50.00,2500.00,"haze"
"2024-11-17 20:18:23",298.05,24.90,76.82,50.00,2500.00,"haze"
"2024-11-17 20:18:28",298.05,24.90,76.82,50.00,2500.00,"haze"
"2024-11-17 20:18:34",298.05,24.90,76.82,50.00,2500.00,"haze"
"2024-11-17 20:18:40",298.05,24.90,76.82,50.00,2500.00,"haze"
"2024-11-17 20:18:45",298.05,24.90,76.82,50.00,2500.00,"haze"
"2024-11-17 20:18:51",298.05,24.90,76.82,50.00,2500.00,"haze"
"2024-11-17 20:19:14",298.05,24.90,76.82,50.00,2500.00,"haze"
"2024-11-17 20:19:20",298.05,24.90,76.82,50.00,2500.00,"haze"
"2024-11-17 20:19:25",298.05,24.90,76.82,50.00,2500.00,"haze"
"2024-11-17 20:19:31",298.05,24.90,76.82,50.00,2500.00,"haze"
"2024-11-17 20:19:37",298.05,24.90,76.82,50.00,2500.00,"haze"
"2024-11-17 20:19:43",298.05,24.90,76.82,50.00,2500.00,"haze"
"2024-11-17 20:19:48",298.05,24.90,76.82,50.00,2500.00,"haze"
"2024-11-17 20:19:54",298.05,24.90,76.82,50.00,2500.00,"haze"
"2024-11-17 20:19:59",298.05,24.90,76.82,50.00,2500.00,"haze"
"2024-11-17 20:20:05",298.05,24.90,76.82,50.00,2500.00,"haze"
"2024-11-17 20:20:10",298.05,24.90,76.82,50.00,2500.00,"haze"
"2024-11-17 20:20:16",298.05,24.90,76.82,50.00,2500.00,"haze"
"2024-11-17 20:20:21",298.05,24.90,76.82,50.00,2500.00,"haze"
"2024-11-17 20:22:35",298.05,24.90,76.82,50.00,2500.00,"haze"
"2024-11-17 20:22:40",298.05,24.90,76.82,50.00,2500.00,"haze"
"2024-11-17 20:22:46",298.05,24.90,76.82,50.00,2500.00,"haze"
"2024-11-17 20:22:51",298.05,24.90,76.82,50.00,2500.00,"haze"
"2024-11-17 20:22:57",298.05,24.90,76.82,50.00,2500.00,"haze"
"2024-11-17 20:23:02",298.05,24.90,76.82,50.00,2500.00,"haze"
"2024-11-17 20:23:08",298.05,24.90,76.82,50.00,2500.00,"haze"
"2024-11-17 20:23:13",298.05,24.90,76.82,50.00,2500.00,"haze"
"2024-11-17 20:23:19",298.05,24.90,76.82,50.00,2500.00,"haze"
"2024-11-17 20:23:24",298.05,24.90,76.82,50.00,2500.00,"haze"
"2024-11-17 20:23:30",298.05,24.90,76.82,50.00,2500.00,"haze"
"2024-11-17 20:23:36",298.05,24.90,76.82,50.00,2500.00,"haze"
"2024-11-17 20:23:41",298.05,24.90,76.82,50.00,2500.00,"haze"
"2024-11-17 20:24:49",298.05,24.90,76.82,50.00,2500.00,"haze"
"2024-11-17 20:24:54",298.05,24.90,76.82,50.00,2500.00,"haze"
"2024-11-17 20:25:00",298.05,24.90,76.82,50.00,2500.00,"haze"
"2024-11-17 20:25:05",298.05,24.90,76.82,50.00,2500.00,"haze"
"2024-11-17 20:25:11",298.05,24.90,76.82,50.00,2500.00,"haze"
"2024-11-17 20:25:17",298.05,24.90,76.82,50.00,2500.00,"haze"
"2024-11-17 20:25:22",298.05,24.90,76.82,50.00,2500.00,"haze"
"2024-11-17 20:25:28",298.05,24.90,76.82,50.00,2500.00,"haze"
"2024-11-17 20:25:33",298.05,24.90,76.82,50.00,2500.00,"haze"
"2024-11-17 20:25:39",298.05,24.90,76.82,50.00,2500.00,"haze"
"2024-11-17 20:25:44",298.05,24.90,76.82,50.00,2500.00,"haze"
"2024-11-17 20:25:50",298.05,24.90,76.82,50.00,2500.00,"haze"
"2024-11-17 20:25:56",298.05,24.90,76.82,50.00,2500.00,"haze"
"2024-11-17 20:27:22",298.05,24.90,76.82,50.00,2500.00,"haze"
"2024-11-17 20:27:28",298.05,24.90,76.82,50.00,2500.00,"haze"
"2024-11-17 20:27:33",298.05,24.90,76.82,50.00,2500.00,"haze"
"2024-11-17 20:27:39",298.05,24.90,76.82,50.00,2500.00,"haze"
"2024-11-17 20:27:44",298.05,24.90,76.82,50.00,2500.00,"haze"
"2024-11-17 20:27:50",299.05,25.90,78.62,44.00,2500.00,"haze"
"2024-11-17 20:27:55",299.05,25.90,78.62,44.00,2500.00,"haze"
"2024-11-17 20:28:01",299.05,25.90,78.62,44.00,2500.00,"haze"
"2024-11-17 20:28:06",299.05,25.90,78.62,44.00,2500.00,"haze"
"2024-11-17 20:28:12",299.05,25.90,78.62,44.00,2500.00,"haze"
"2024-11-17 20:28:18",299.05,25.90,78.62,44.00,2500.00,"haze"
"2024-11-17 20:28:23",299.05,25.90,78.62,44.00,2500.00,"haze"
"2024-11-17 20:28:29",299.05,25.90,78.62,44.00,2500.00,"haze"
"2024-11-17 21:33:41",299.05,25.90,78.62,44.00,2500.00,"haze"
"2024-11-17 21:33:57",299.05,25.90,78.62,44.00,2500.00,"haze"
"2024-11-17 21:34:12",299.05,25.90,78.62,44.00,2500.00,"haze"
"2024-11-17 21:34:27",299.05,25.90,78.62,44.00,2500.00,"haze"
"2024-11-17 21:34:40",302.05,28.90,84.02,32.00,2500.00,"haze"
"2024-11-17 21:34:45",302.05,28.90,84.02,32.00,2500.00,"haze"
"2024-11-17 21:34:51",302.05,28.90,84.02,32.00,2500.00,"haze"
"2024-11-17 21:35:04",302.05,28.90,84.02,32.00,2500.00,"haze"
"2024-11-17 21:35:09",302.05,28.90,84.02,32.00,2500.00,"haze"
"2024-11-17 21:35:15",302.05,28.90,84.02,32.00,2500.00,"haze"
"2024-11-17 21:35:21",302.05,28.90,84.02,32.00,2500.00,"haze"
"2024-11-17 21:35:29",302.05,28.90,84.02,32.00,2500.00,"haze"
"2024-11-17 21:35:35",302.05,28.90,84.02,32.00,2500.00,"haze"
"2024-11-17 21:42:58",302.05,28.90,84.02,32.00,2500.00,"haze"
"2024-11-17 21:43:14",302.05,28.90,84.02,32.00,2500.00,"haze"
"2024-11-17 21:43:29",302.05,28.90,84.02,32.00,2500.00,"haze"
"2024-11-17 21:43:45",302.05,28.90,84.02,32.00,2500.00,"haze"
"2024-11-17 21:44:00",302.05,28.90,84.02,32.00,2500.00,"haze"
"2024-11-17 21:44:17",302.05,28.90,84.02,32.00,2500.00,"haze"
"2024-11-17 21:44:32",302.05,28.90,84.02,32.00,2500.00,"haze"
"2024-11-17 21:44:48",302.05,28.90,84.02,32.00,2500.00,"haze"
"2024-11-17 21:45:03",302.05,28.90,84.02,32.00,2500.00,"haze"
"2024-11-17 21:45:19",302.05,28.90,84.02,32.00,2500.00,"haze"
"2024-11-17 21:45:34",302.05,28.90,84.02,32.00,2500.00,"haze"
"2024-11-17 21:45:50",302.05,28.90,84.02,32.00,2500.00,"haze"
"2024-11-17 21:46:05",302.05,28.90,84.02,32.00,2500.00,"haze"
"2024-11-17 21:57:19",302.05,28.90,84.02,32.00,2500.00,"haze"
"2024-11-17 21:57:25",302.05,28.90,84.02,32.00,2500.00,"haze"
"2024-11-17 21:57:31",302.05,28.90,84.02,32.00,2500.00,"haze"
"2024-11-17 21:57:37",302.05,28.90,84.02,32.00,2500.00,"haze"
"2024-11-17 21:57:43",302.05,28.90,84.02,32.00,2500.00,"haze"
"2024-11-17 21:57:49",302.05,28.90,84.02,32.00,2500.00,"haze"
"2024-11-17 21:57:56",302.05,28.90,84.02,32.00,2500.00,"haze"
"2024-11-17 21:58:04",302.05,28.90,84.02,32.00,2500.00,"haze"
"2024-11-17 21:58:10",302.05,28.90,84.02,32.00,2500.00,"haze"
"2024-11-17 21:58:16",302.05,28.90,84.02,32.00,2500.00,"haze"
"2024-11-17 21:58:22",302.05,28.90,84.02,32.00,2500.00,"haze"
"2024-11-17 21:58:28",302.05,28.90,84.02,32.00,2500.00,"haze"
"2024-11-17 21:58:34",302.05,28.90,84.02,32.00,2500.00,"haze"
"2024-11-18 11:10:05",303.05,29.90,85.82,30.00,10000.00,"clear sky"
"2024-11-18 11:10:10",303.05,29.90,85.82,30.00,10000.00,"clear sky"
"2024-11-18 11:10:16",303.05,29.90,85.82,30.00,10000.00,"clear sky"
"2024-11-18 11:10:21",303.05,29.90,85.82,30.00,10000.00,"clear sky"
"2024-11-18 11:10:27",303.05,29.90,85.82,30.00,10000.00,"clear sky"
"2024-11-18 11:10:33",303.05,29.90,85.82,30.00,10000.00,"clear sky"
"2024-11-18 11:10:38",303.05,29.90,85.82,30.00,10000.00,"clear sky"
"2024-11-18 11:10:44",303.05,29.90,85.82,30.00,10000.00,"clear sky"
"2024-11-18 11:10:50",303.05,29.90,85.82,30.00,10000.00,"clear sky"
"2024-11-18 11:10:55",303.05,29.90,85.82,30.00,10000.00,"clear sky"
"2024-11-18 11:11:01",303.05,29.90,85.82,30.00,10000.00,"clear sky"
"2024-11-18 11:11:06",303.05,29.90,85.82,30.00,10000.00,"clear sky"
"2024-11-18 11:11:12",303.05,29.90,85.82,30.00,10000.00,"clear sky"
"2024-11-18 11:20:04",303.05,29.90,85.82,30.00,10000.00,"clear sky"
"2024-11-18 11:20:09",303.05,29.90,85.82,30.00,10000.00,"clear sky"
"2024-11-18 11:20:15",303.05,29.90,85.82,30.00,10000.00,"clear sky"
"2024-11-18 11:20:21",303.05,29.90,85.82,30.00,10000.00,"clear sky"
"2024-11-18 11:20:27",303.05,29.90,85.82,30.00,10000.00,"clear sky"
"2024-11-18 11:20:32",303.05,29.90,85.82,30.00,10000.00,"clear sky"
"2024-11-18 11:20:38",303.05,29.90,85.82,30.00,10000.00,"clear sky"
"2024-11-18 11:20:43",303.05,29.90,85.82,30.00,10000.00,"clear sky"
"2024-11-18 11:20:49",303.05,29.90,85.82,30.00,10000.00,"clear sky"
"2024-11-18 11:20:54",303.05,29.90,85.82,30.00,10000.00,"clear sky"
"2024-11-18 11:21:00",303.05,29.90,85.82,30.00,10000.00,"clear sky"
"2024-11-18 11:21:05",303.05,29.90,85.82,30.00,10000.00,"clear sky"
"2024-11-18 11:21:11",303.05,29.90,85.82,30.00,10000.00,"clear sky"
"2024-11-18 11:24:13",303.05,29.90,85.82,30.00,10000.00,"clear sky"
"2024-11-18 11:24:19",303.05,29.90,85.82,30.00,10000.00,"clear sky"
"2024-11-18 11:24:24",303.05,29.90,85.82,30.00,10000.00,"clear sky"
"2024-11-18 11:24:30",303.05,29.90,85.82,30.00,10000.00,"clear sky"
"2024-11-18 11:24:35",303.05,29.90,85.82,30.00,10000.00,"clear sky"
"2024-11-18 11:24:41",303.05,29.90,85.82,30.00,10000.00,"clear sky"
"2024-11-18 11:24:46",303.05,29.90,85.82,30.00,10000.00,"clear sky"
"2024-11-18 11:24:52",303.05,29.90,85.82,30.00,10000.00,"clear sky"
"2024-11-18 11:24:57",303.05,29.90,85.82,30.00,10000.00,"clear sky"
"2024-11-18 11:25:03",303.05,29.90,85.82,30.00,10000.00,"clear sky"
"2024-11-18 11:25:08",303.05,29.90,85.82,30.00,10000.00,"clear sky"
"2024-11-18 11:25:14",303.05,29.90,85.82,30.00,10000.00,"clear sky"
"2024-11-18 11:25:19",303.05,29.90,85.82,30.00,10000.00,"clear sky"
"2024-11-18 11:28:44",303.05,29.90,85.82,30.00,10000.00,"clear sky"
"2024-11-18 11:28:49",303.05,29.90,85.82,30.00,10000.00,"clear sky"
"2024-11-18 11:28:55",303.05,29.90,85.82,30.00,10000.00,"clear sky"
"2024-11-18 11:29:01",303.05,29.90,85.82,30.00,10000.00,"clear sky"
"2024-11-18 11:29:06",303.05,29.90,85.82,30.00,10000.00,"clear sky"
"2024-11-18 11:29:12",303.05,29.90,85.82,30.00,10000.00,"clear sky"
"2024-11-18 11:29:17",303.05,29.90,85.82,30.00,10000.00,"clear sky"
"2024-11-18 11:29:23",303.05,29.90,85.82,30.00,10000.00,"clear sky"
"2024-11-18 11:29:29",303.05,29.90,85.82,30.00,10000.00,"clear sky"
"2024-11-18 11:29:34",303.05,29.90,85.82,30.00,10000.00,"clear sky"
"2024-11-18 11:29:41",303.05,29.90,85.82,30.00,10000.00,"clear sky"
"2024-11-18 11:29:47",303.05,29.90,85.82,30.00,10000.00,"clear sky"
"2024-11-18 11:29:52",303.05,29.90,85.82,30.00,10000.00,"clear sky"
"2024-11-18 14:29:33",305.05,31.90,89.42,22.00,4500.00,"haze"
"2024-11-18 14:29:38",305.05,31.90,89.42,22.00,4500.00,"haze"
"2024-11-18 14:29:44",305.05,31.90,89.42,22.00,4500.00,"haze"
"2024-11-18 14:29:50",305.05,31.90,89.42,22.00,4500.00,"haze"
"2024-11-18 14:29:55",305.05,31.90,89.42,22.00,4500.00,"haze"
"2024-11-18 14:30:00",305.05,31.90,89.42,22.00,4500.00,"haze"
"2024-11-18 14:30:06",305.05,31.90,89.42,22.00,4500.00,"haze"
"2024-11-18 14:30:11",305.05,31.90,89.42,22.00,4500.00,"haze"
"2024-11-18 14:30:17",305.05,31.90,89.42,22.00,4500.00,"haze"
"2024-11-18 14:30:23",305.05,31.90,89.42,22.00,4500.00,"haze"
"2024-11-18 14:30:28",305.05,31.90,89.42,22.00,4500.00,"haze"
"2024-11-18 14:30:33",305.05,31.90,89.42,22.00,4500.00,"haze"
"2024-11-18 14:30:39",305.05,31.90,89.42,22.00,4500.00,"haze"
"2024-11-18 14:34:26",305.05,31.90,89.42,22.00,4500.00,"haze"
"2024-11-18 14:34:31",305.05,31.90,89.42,22.00,4500.00,"haze"
"2024-11-18 14:34:37",305.05,31.90,89.42,22.00,4500.00,"haze"
"2024-11-18 14:34:42",305.05,31.90,89.42,22.00,4500.00,"haze"
"2024-11-18 14:34:47",305.05,31.90,89.42,22.00,4500.00,"haze"
"2024-11-18 14:34:53",305.05,31.90,89.42,22.00,4500.00,"haze"
"2024-11-18 14:34:58",305.05,31.90,89.42,22.00,4500.00,"haze"
"2024-11-18 14:35:04",305.05,31.90,89.42,22.00,4500.00,"haze"
"2024-11-18 14:35:09",305.05,31.90,89.42,22.00,4500.00,"haze"
"2024-11-18 14:35:15",306.05,32.90,91.22,19.00,5000.00,"haze"
"2024-11-18 14:35:20",306.05,32.90,91.22,19.00,5000.00,"haze"
"2024-11-18 14:35:26",306.05,32.90,91.22,19.00,5000.00,"haze"
"2024-11-18 14:35:31",306.05,32.90,91.22,19.00,5000.00,"haze"
"2024-11-18 14:44:34",306.05,32.90,91.22,19.00,5000.00,"haze"
"2024-11-18 14:44:41",306.05,32.90,91.22,19.00,5000.00,"haze"
"2024-11-18 14:44:46",306.05,32.90,91.22,19.00,5000.00,"haze"
"2024-11-18 14:44:51",306.05,32.90,91.22,19.00,5000.00,"haze"
"2024-11-18 14:44:58",306.05,32.90,91.22,19.00,5000.00,"haze"
"2024-11-18 14:45:03",306.05,32.90,91.22,19.00,5000.00,"haze"
"2024-11-18 14:45:10",306.05,32.90,91.22,19.00,5000.00,"haze"
"2024-11-18 14:45:15",306.05,32.90,91.22,19.00,5000.00,"haze"
"2024-11-18 14:45:20",306.05,32.90,91.22,19.00,5000.00,"haze"
"2024-11-18 14:45:26",306.05,32.90,91.22,19.00,5000.00,"haze"
"2024-11-18 14:45:32",306.05,32.90,91.22,19.00,5000.00,"haze"
"2024-11-18 14:45:37",306.05,32.90,91.22,19.00,5000.00,"haze"
"2024-11-18 14:45:43",306.05,32.90,91.22,19.00,5000.00,"haze"
"2024-11-18 14:49:18",306.05,32.90,91.22,19.00,5000.00,"haze"
"2024-11-18 14:49:23",306.05,32.90,91.22,19.00,5000.00,"haze"
"2024-11-18 14:49:29",306.05,32.90,91.22,19.00,5000.00,"haze"
"2024-11-18 14:49:34",306.05,32.90,91.22,19.00,5000.00,"haze"
"2024-11-18 14:49:39",306.05,32.90,91.22,19.00,5000.00,"haze"
"2024-11-18 14:49:45",306.05,32.90,91.22,19.00,5000.00,"haze"
"2024-11-18 14:49:50",306.05,32.90,91.22,19.00,5000.00,"haze"
"2024-11-18 14:49:56",306.05,32.90,91.22,19.00,5000.00,"haze"
"2024-11-18 14:50:01",306.05,32.90,91.22,19.00,5000.00,"haze"
"2024-11-18 14:50:06",306.05,32.90,91.22,19.00,5000.00,"haze"
"2024-11-18 14:50:12",306.05,32.90,91.22,19.00,5000.00,"haze"
"2024-11-18 14:50:17",306.05,32.90,91.22,19.00,5000.00,"haze"
"2024-11-18 14:50:23",306.05,32.90,91.22,19.00,5000.00,"haze"
"2024-11-18 15:01:13",306.05,32.90,91.22,19.00,5000.00,"haze"
"2024-11-18 15:01:19",306.05,32.90,91.22,19.00,5000.00,"haze"
"2024-11-18 15:01:24",306.05,32.90,91.22,19.00,5000.00,"haze"
"2024-11-18 15:01:30",306.05,32.90,91.22,19.00,5000.00,"haze"
"2024-11-18 15:01:35",306.05,32.90,91.22,19.00,5000.00,"haze"
"2024-11-18 15:01:40",306.05,32.90,91.22,19.00,5000.00,"haze"
"2024-11-18 15:01:46",306.05,32.90,91.22,19.00,5000.00,"haze"
"2024-11-18 15:01:51",306.05,32.90,91.22,19.00,5000.00,"haze"
"2024-11-18 15:01:57",306.05,32.90,91.22,19.00,5000.00,"haze"
"2024-11-18 15:02:02",306.05,32.90,91.22,19.00,5000.00,"haze"
"2024-11-18 15:02:08",306.05,32.90,91.22,19.00,5000.00,"haze"
"2024-11-18 15:02:13",306.05,32.90,91.22,19.00,5000.00,"haze"
"2024-11-18 15:02:18",306.05,32.90,91.22,19.00,5000.00,"haze"
"2024-11-19 23:16:07",295.05,21.90,71.42,53.00,5000.00,"haze"
"2024-11-19 23:16:13",295.05,21.90,71.42,53.00,5000.00,"haze"
"2024-11-19 23:16:19",295.05,21.90,71.42,53.00,5000.00,"haze"
"2024-11-19 23:16:25",295.05,21.90,71.42,53.00,5000.00,"haze"
"2024-11-19 23:16:31",295.05,21.90,71.42,53.00,5000.00,"haze"
"2024-11-19 23:16:37",295.05,21.90,71.42,53.00,5000.00,"haze"
"2024-11-19 23:16:42",295.05,21.90,71.42,53.00,5000.00,"haze"
"2024-11-19 23:16:48",295.05,21.90,71.42,53.00,5000.00,"haze"
"2024-11-19 23:16:54",295.05,21.90,71.42,53.00,5000.00,"haze"
"2024-11-19 23:16:59",295.05,21.90,71.42,53.00,5000.00,"haze"
"2024-11-19 23:17:05",295.05,21.90,71.42,53.00,5000.00,"haze"
"2024-11-19 23:17:11",295.05,21.90,71.42,53.00,5000.00,"haze"
"2024-11-19 23:17:17",295.05,21.90,71.42,53.00,5000.00,"haze"
"2024-11-20 09:38:56",299.05,25.90,78.62,41.00,2500.00,"haze"
"2024-11-20 09:39:02",299.05,25.90,78.62,41.00,2500.00,"haze"
"2024-11-20 09:39:08",299.05,25.90,78.62,41.00,2500.00,"haze"
"2024-11-20 09:39:13",299.05,25.90,78.62,41.00,2500.00,"haze"
"2024-11-20 09:39:19",299.05,25.90,78.62,41.00,2500.00,"haze"
"2024-11-20 09:39:25",299.05,25.90,78.62,41.00,2500.00,"haze"
"2024-11-20 09:39:31",299.05,25.90,78.62,41.00,2500.00,"haze"
"2024-11-20 09:39:36",299.05,25.90,78.62,41.00,2500.00,"haze"
"2024-11-20 09:39:43",299.05,25.90,78.62,41.00,2500.00,"haze"
"2024-11-20 09:39:49",299.05,25.90,78.62,41.00,2500.00,"haze"
"2024-11-20 09:39:55",299.05,25.90,78.62,41.00,2500.00,"haze"
"2024-11-20 09:40:02",299.05,25.90,78.62,41.00,2500.00,"haze"
"2024-11-20 09:40:08",299.05,25.90,78.62,41.00,2500.00,"haze"
"2024-11-20 09:42:09",299.05,25.90,78.62,41.00,2500.00,"haze"
"2024-11-20 09:42:14",299.05,25.90,78.62,41.00,2500.00,"haze"
"2024-11-20 09:42:20",299.05,25.90,78.62,41.00,2500.00,"haze"
"2024-11-20 09:42:26",299.05,25.90,78.62,41.00,2500.00,"haze"
"2024-11-20 09:42:31",299.05,25.90,78.62,41.00,2500.00,"haze"
"2024-11-20 09:42:37",299.05,25.90,78.62,41.00,2500.00,"haze"
"2024-11-20 09:42:45",299.05,25.90,78.62,41.00,2500.00,"haze"
"2024-11-20 09:42:51",299.05,25.90,78.62,41.00,2500.00,"haze"
"2024-11-20 09:42:57",299.05,25.90,78.62,41.00,2500.00,"haze"
"2024-11-20 09:43:03",299.05,25.90,78.62,41.00,2500.00,"haze"
"2024-11-20 09:43:09",299.05,25.90,78.62,41.00,2500.00,"haze"
"2024-11-20 09:43:14",299.05,25.90,78.62,41.00,2500.00,"haze"
"2024-11-20 09:43:20",299.05,25.90,78.62,41.00,2500.00,"haze"
"2024-11-20 10:57:19",301.05,27.90,82.22,34.00,3000.00,"haze"
"2024-11-20 10:57:25",301.05,27.90,82.22,34.00,3000.00,"haze"
"2024-11-20 10:57:31",301.05,27.90,82.22,34.00,3000.00,"haze"
"2024-11-20 10:57:36",301.05,27.90,82.22,34.00,3000.00,"haze"
"2024-11-20 10:57:42",301.05,27.90,82.22,34.00,3000.00,"haze"
"2024-11-20 10:57:47",301.05,27.90,82.22,34.00,3000.00,"haze"
"2024-11-20 10:57:53",301.05,27.90,82.22,34.00,3000.00,"haze"
"2024-11-20 10:57:58",301.05,27.90,82.22,34.00,3000.00,"haze"
"2024-11-20 10:58:04",301.05,27.90,82.22,34.00,3000.00,"haze"
"2024-11-20 10:58:09",301.05,27.90,82.22,34.00,3000.00,"haze"
"2024-11-20 10:58:15",301.05,27.90,82.22,34.00,3000.00,"haze"
"2024-11-20 10:58:20",301.05,27.90,82.22,34.00,3000.00,"haze"
"2024-11-20 10:58:26",301.05,27.90,82.22,34.00,3000.00,"haze"
"2024-11-20 11:00:29",301.05,27.90,82.22,34.00,3000.00,"haze"
"2024-11-20 11:00:35",301.05,27.90,82.22,34.00,3000.00,"haze"
"2024-11-20 11:00:41",301.05,27.90,82.22,34.00,3000.00,"haze"
"2024-11-20 11:00:47",301.05,27.90,82.22,34.00,3000.00,"haze"
"2024-11-20 11:00:52",301.05,27.90,82.22,34.00,3000.00,"haze"
"2024-11-20 11:00:58",301.05,27.90,82.22,34.00,3000.00,"haze"
"2024-11-20 11:01:04",301.05,27.90,82.22,34.00,3000.00,"haze"
"2024-11-20 11:01:10",301.05,27.90,82.22,34.00,3000.00,"haze"
"2024-11-20 11:01:15",301.05,27.90,82.22,34.00,3000.00,"haze"
"2024-11-20 11:01:21",301.05,27.90,82.22,34.00,3000.00,"haze"
"2024-11-20 11:01:26",301.05,27.90,82.22,34.00,3000.00,"haze"
"2024-11-20 11:01:32",301.05,27.90,82.22,34.00,3000.00,"haze"
"2024-11-20 11:01:38",301.05,27.90,82.22,34.00,3000.00,"haze"
"2024-11-20 11:21:55",300.05,26.90,80.42,36.00,3000.00,"haze"
"2024-11-20 11:22:01",300.05,26.90,80.42,36.00,3000.00,"haze"
"2024-11-20 11:22:08",300.05,26.90,80.42,36.00,3000.00,"haze"
"2024-11-20 11:22:13",300.05,26.90,80.42,36.00,3000.00,"haze"
"2024-11-20 11:22:19",300.05,26.90,80.42,36.00,3000.00,"haze"
"2024-11-20 11:22:24",300.05,26.90,80.42,36.00,3000.00,"haze"
"2024-11-20 11:22:30",300.05,26.90,80.42,36.00,3000.00,"haze"
"2024-11-20 11:22:36",300.05,26.90,80.42,36.00,3000.00,"haze"
"2024-11-20 11:22:42",300.05,26.90,80.42,36.00,3000.00,"haze"
"2024-11-20 11:22:47",300.05,26.90,80.42,36.00,3000.00,"haze"
"2024-11-20 11:22:53",300.05,26.90,80.42,36.00,3000.00,"haze"
"2024-11-20 11:22:58",300.05,26.90,80.42,36.00,3000.00,"haze"
"2024-11-20 11:23:03",300.05,26.90,80.42,36.00,3000.00,"haze"
"2024-11-20 11:27:11",300.05,26.90,80.42,36.00,3000.00,"haze"
"2024-11-20 11:27:17",300.05,26.90,80.42,36.00,3000.00,"haze"
"2024-11-20 11:27:23",300.05,26.90,80.42,36.00,3000.00,"haze"
"2024-11-20 11:27:29",300.05,26.90,80.42,36.00,3000.00,"haze"
"2024-11-20 11:27:35",300.05,26.90,80.42,36.00,3000.00,"haze"
"2024-11-20 11:27:42",300.05,26.90,80.42,36.00,3000.00,"haze"
"2024-11-20 11:27:54",300.05,26.90,80.42,36.00,3000.00,"haze"
"2024-11-20 11:28:00",300.05,26.90,80.42,36.00,3000.00,"haze"
"2024-11-20 11:28:06",300.05,26.90,80.42,36.00,3000.00,"haze"
"2024-11-20 11:28:11",300.05,26.90,80.42,36.00,3000.00,"haze"
"2024-11-20 11:28:19",300.05,26.90,80.42,36.00,3000.00,"haze"
"2024-11-20 11:28:25",300.05,26.90,80.42,36.00,3000.00,"haze"
"2024-11-20 11:28:31",300.05,26.90,80.42,36.00,3000.00,"haze"
"2024-11-20 12:48:47",304.05,30.90,87.62,29.00,4000.00,"haze"
"2024-11-20 12:48:52",304.05,30.90,87.62,29.00,4000.00,"haze"
"2024-11-20 12:48:58",304.05,30.90,87.62,29.00,4000.00,"haze"
"2024-11-20 12:49:04",304.05,30.90,87.62,29.00,4000.00,"haze"
"2024-11-20 12:49:11",304.05,30.90,87.62,29.00,4000.00,"haze"
"2024-11-20 12:49:16",304.05,30.90,87.62,29.00,4000.00,"haze"
"2024-11-20 12:49:22",304.05,30.90,87.62,29.00,4000.00,"haze"
"2024-11-20 12:49:27",304.05,30.90,87.62,29.00,4000.00,"haze"
"2024-11-20 12:49:33",304.05,30.90,87.62,29.00,4000.00,"haze"
"2024-11-20 12:49:39",304.05,30.90,87.62,29.00,4000.00,"haze"
"2024-11-20 12:49:45",304.05,30.90,87.62,29.00,4000.00,"haze"
"2024-11-20 12:49:50",304.05,30.90,87.62,29.00,4000.00,"haze"
"2024-11-20 12:49:56",304.05,30.90,87.62,29.00,4000.00,"haze"
"2024-11-20 12:58:44",304.05,30.90,87.62,29.00,4000.00,"haze"
"2024-11-20 12:58:50",304.05,30.90,87.62,29.00,4000.00,"haze"
"2024-11-20 12:58:55",304.05,30.90,87.62,29.00,4000.00,"haze"
"2024-11-20 12:59:01",304.05,30.90,87.62,29.00,4000.00,"haze"
"2024-11-20 12:59:08",304.05,30.90,87.62,29.00,4000.00,"haze"
"2024-11-20 12:59:14",304.05,30.90,87.62,29.00,4000.00,"haze"
"2024-11-20 12:59:20",304.05,30.90,87.62,29.00,4000.00,"haze"
"2024-11-20 12:59:27",304.05,30.90,87.62,29.00,4000.00,"haze"
"2024-11-20 12:59:32",304.05,30.90,87.62,29.00,4000.00,"haze"
"2024-11-20 12:59:39",304.05,30.90,87.62,29.00,4000.00,"haze"
"2024-11-20 12:59:45",304.05,30.90,87.62,29.00,4000.00,"haze"
"2024-11-20 12:59:50",304.05,30.90,87.62,29.00,4000.00,"haze"
"2024-11-20 12:59:56",304.05,30.90,87.62,29.00,4000.00,"haze"
"2024-11-21 23:34:26",297.05,23.90,75.02,69.00,6000.00,"clear sky"
"2024-11-21 23:34:32",297.05,23.90,75.02,69.00,6000.00,"clear sky"
"2024-11-21 23:34:39",297.05,23.90,75.02,69.00,6000.00,"clear sky"
"2024-11-21 23:34:45",297.05,23.90,75.02,69.00,6000.00,"clear sky"
"2024-11-21 23:34:52",297.05,23.90,75.02,69.00,6000.00,"clear sky"
"2024-11-21 23:34:59",297.05,23.90,75.02,69.00,6000.00,"clear sky"
"2024-11-21 23:35:05",297.05,23.90,75.02,69.00,6000.00,"clear sky"
"2024-11-21 23:35:11",297.05,23.90,75.02,69.00,6000.00,"clear sky"
"2024-11-21 23:35:17",297.05,23.90,75.02,69.00,6000.00,"clear sky"
"2024-11-21 23:35:23",297.05,23.90,75.02,69.00,6000.00,"clear sky"
"2024-11-21 23:35:29",297.05,23.90,75.02,69.00,6000.00,"clear sky"
"2024-11-21 23:35:36",297.05,23.90,75.02,69.00,6000.00,"clear sky"
"2024-11-21 23:35:42",297.05,23.90,75.02,69.00,6000.00,"clear sky"
